Workbook

Sheet Dashboard
B2: re:school · Zeiterfassung
B3: Stunden · Personen · Arbeitspakete
B5: JAHR | E5: MONAT | H5: ARBEITSPAKET | K5: STATUS
B6: 2026 | E6: Alle | H6: Alle | K6: Alle
B9: GESAMTSTUNDEN | E9: STUNDEN ROBIN | H9: STUNDEN KATHI | K9: EINTRÄGE | N9: Ø STUNDEN / EINTRAG | Q9: NOCH OFFEN
B10: =SUMIFS(Daten!$H$2:$H$501,Daten!$J$2:$J$501,Settings!$C$16,Daten!$K$2:$K$501,Settings!$C$17,Daten!$C$2:$C$501,Settings!$C$18,Daten!$I$2:$I$501,Settings!$C$19) -> 61.92 | E10: =SUMIFS(Daten!$H$2:$H$501,Daten!$J$2:$J$501,Settings!$C$16,Daten!$K$2:$K$501,Settings!$C$17,Daten!$C$2:$C$501,Settings!$C$18,Daten!$I$2:$I$501,Settings!$C$19,Daten!$B$2:$B$501,"Robin") -> 32.25 | H10: =SUMIFS(Daten!$H$2:$H$501,Daten!$J$2:$J$501,Settings!$C$16,Daten!$K$2:$K$501,Settings!$C$17,Daten!$C$2:$C$501,Settings!$C$18,Daten!$I$2:$I$501,Settings!$C$19,Daten!$B$2:$B$501,"Kathi") -> 29.67 | K10: =COUNTIFS(Daten!$J$2:$J$501,Settings!$C$16,Daten!$K$2:$K$501,Settings!$C$17,Daten!$C$2:$C$501,Settings!$C$18,Daten!$I$2:$I$501,Settings!$C$19) -> 24 | N10: =IFERROR(SUMIFS(Daten!$H$2:$H$501,Daten!$J$2:$J$501,Settings!$C$16,Daten!$K$2:$K$501,Settings!$C$17,Daten!$C$2:$C$501,Settings!$C$18,Daten!$I$2:$I$501,Settings!$C$19)/COUNTIFS(Daten!$J$2:$J$501,Settings!$C$16,Daten!$K$2:$K$501,Settings!$C$17,Daten!$C$2:$C$501,Settings!$C$18,Daten!$I$2:$I$501,Settings!$C$19),0) -> 2.58 | Q10: =SUMIFS(Daten!$H$2:$H$501,Daten!$J$2:$J$501,Settings!$C$16,Daten!$K$2:$K$501,Settings!$C$17,Daten!$C$2:$C$501,Settings!$C$18,Daten!$I$2:$I$501,"<>Erledigt") -> 3
B11: =IFERROR(SUMIFS(Daten!$H$2:$H$501,Daten!$J$2:$J$501,Settings!$C$16,Daten!$K$2:$K$501,Settings!$C$17,Daten!$C$2:$C$501,Settings!$C$18,Daten!$I$2:$I$501,Settings!$C$19)/SUMIFS(Daten!$H$2:$H$501,Daten!$J$2:$J$501,Settings!$C$23,Daten!$K$2:$K$501,Settings!$C$22,Daten!$C$2:$C$501,Settings!$C$18,Daten!$I$2:$I$501,Settings!$C$19)-1,0) -> 0 | E11: =IFERROR(SUMIFS(Daten!$H$2:$H$501,Daten!$J$2:$J$501,Settings!$C$16,Daten!$K$2:$K$501,Settings!$C$17,Daten!$C$2:$C$501,Settings!$C$18,Daten!$I$2:$I$501,Settings!$C$19,Daten!$B$2:$B$501,"Robin")/SUMIFS(Daten!$H$2:$H$501,Daten!$J$2:$J$501,Settings!$C$16,Daten!$K$2:$K$501,Settings!$C$17,Daten!$C$2:$C$501,Settings!$C$18,Daten!$I$2:$I$501,Settings!$C$19),0) -> 0.52083333 | H11: =IFERROR(SUMIFS(Daten!$H$2:$H$501,Daten!$J$2:$J$501,Settings!$C$16,Daten!$K$2:$K$501,Settings!$C$17,Daten!$C$2:$C$501,Settings!$C$18,Daten!$I$2:$I$501,Settings!$C$19,Daten!$B$2:$B$501,"Kathi")/SUMIFS(Daten!$H$2:$H$501,Daten!$J$2:$J$501,Settings!$C$16,Daten!$K$2:$K$501,Settings!$C$17,Daten!$C$2:$C$501,Settings!$C$18,Daten!$I$2:$I$501,Settings!$C$19),0) -> 0.47916667 | K11: =COUNTIFS(Daten!$J$2:$J$501,Settings!$C$16,Daten!$K$2:$K$501,Settings!$C$17,Daten!$C$2:$C$501,Settings!$C$18,Daten!$I$2:$I$501,Settings!$C$19)-COUNTIFS(Daten!$J$2:$J$501,Settings!$C$23,Daten!$K$2:$K$501,Settings!$C$22,Daten!$C$2:$C$501,Settings!$C$18,Daten!$I$2:$I$501,Settings!$C$19) -> 24 | N11: =IFERROR(IFERROR(SUMIFS(Daten!$H$2:$H$501,Daten!$J$2:$J$501,Settings!$C$16,Daten!$K$2:$K$501,Settings!$C$17,Daten!$C$2:$C$501,Settings!$C$18,Daten!$I$2:$I$501,Settings!$C$19)/COUNTIFS(Daten!$J$2:$J$501,Settings!$C$16,Daten!$K$2:$K$501,Settings!$C$17,Daten!$C$2:$C$501,Settings!$C$18,Daten!$I$2:$I$501,Settings!$C$19),0)/IFERROR(SUMIFS(Daten!$H$2:$H$501,Daten!$J$2:$J$501,Settings!$C$23,Daten!$K$2:$K$501,Settings!$C$22,Daten!$C$2:$C$501,Settings!$C$18,Daten!$I$2:$I$501,Settings!$C$19)/COUNTIFS(Daten!$J$2:$J$501,Settings!$C$23,Daten!$K$2:$K$501,Settings!$C$22,Daten!$C$2:$C$501,Settings!$C$18,Daten!$I$2:$I$501,Settings!$C$19),0)-1,0) -> 0 | Q11: =IFERROR(SUMIFS(Daten!$H$2:$H$501,Daten!$J$2:$J$501,Settings!$C$16,Daten!$K$2:$K$501,Settings!$C$17,Daten!$C$2:$C$501,Settings!$C$18,Daten!$I$2:$I$501,"<>Erledigt")/SUMIFS(Daten!$H$2:$H$501,Daten!$J$2:$J$501,Settings!$C$16,Daten!$K$2:$K$501,Settings!$C$17,Daten!$C$2:$C$501,Settings!$C$18,Daten!$I$2:$I$501,Settings!$C$19),0) -> 0.048449612
B13: AUFTEILUNG
B15: PERSON | E15: STUNDEN | H15: Δ VORPERIODE | K15: ARBEITSPAKET | N15: STUNDEN | Q15: ANTEIL
B16: Robin | E16: =SUMIFS(Daten!$H$2:$H$501,Daten!$J$2:$J$501,Settings!$C$16,Daten!$K$2:$K$501,Settings!$C$17,Daten!$C$2:$C$501,Settings!$C$18,Daten!$I$2:$I$501,Settings!$C$19,Daten!$B$2:$B$501,"Robin") -> 32.25 | H16: =IFERROR(SUMIFS(Daten!$H$2:$H$501,Daten!$J$2:$J$501,Settings!$C$16,Daten!$K$2:$K$501,Settings!$C$17,Daten!$C$2:$C$501,Settings!$C$18,Daten!$I$2:$I$501,Settings!$C$19,Daten!$B$2:$B$501,"Robin")/SUMIFS(Daten!$H$2:$H$501,Daten!$J$2:$J$501,Settings!$C$23,Daten!$K$2:$K$501,Settings!$C$22,Daten!$C$2:$C$501,Settings!$C$18,Daten!$I$2:$I$501,Settings!$C$19,Daten!$B$2:$B$501,"Robin")-1,0) -> 0 | K16: Konzept & Strategie | N16: =SUMIFS(Daten!$H$2:$H$501,Daten!$J$2:$J$501,Settings!$C$16,Daten!$K$2:$K$501,Settings!$C$17,Daten!$C$2:$C$501,Settings!$C$18,Daten!$I$2:$I$501,Settings!$C$19,Daten!$C$2:$C$501,"Konzept & Strategie") -> 6 | Q16: =IFERROR(SUMIFS(Daten!$H$2:$H$501,Daten!$J$2:$J$501,Settings!$C$16,Daten!$K$2:$K$501,Settings!$C$17,Daten!$C$2:$C$501,Settings!$C$18,Daten!$I$2:$I$501,Settings!$C$19,Daten!$C$2:$C$501,"Konzept & Strategie")/$N$25,0) -> 0.096899225
B17: Kathi | E17: =SUMIFS(Daten!$H$2:$H$501,Daten!$J$2:$J$501,Settings!$C$16,Daten!$K$2:$K$501,Settings!$C$17,Daten!$C$2:$C$501,Settings!$C$18,Daten!$I$2:$I$501,Settings!$C$19,Daten!$B$2:$B$501,"Kathi") -> 29.67 | H17: =IFERROR(SUMIFS(Daten!$H$2:$H$501,Daten!$J$2:$J$501,Settings!$C$16,Daten!$K$2:$K$501,Settings!$C$17,Daten!$C$2:$C$501,Settings!$C$18,Daten!$I$2:$I$501,Settings!$C$19,Daten!$B$2:$B$501,"Kathi")/SUMIFS(Daten!$H$2:$H$501,Daten!$J$2:$J$501,Settings!$C$23,Daten!$K$2:$K$501,Settings!$C$22,Daten!$C$2:$C$501,Settings!$C$18,Daten!$I$2:$I$501,Settings!$C$19,Daten!$B$2:$B$501,"Kathi")-1,0) -> 0 | K17: Recherche | N17: =SUMIFS(Daten!$H$2:$H$501,Daten!$J$2:$J$501,Settings!$C$16,Daten!$K$2:$K$501,Settings!$C$17,Daten!$C$2:$C$501,Settings!$C$18,Daten!$I$2:$I$501,Settings!$C$19,Daten!$C$2:$C$501,"Recherche") -> 7 | Q17: =IFERROR(SUMIFS(Daten!$H$2:$H$501,Daten!$J$2:$J$501,Settings!$C$16,Daten!$K$2:$K$501,Settings!$C$17,Daten!$C$2:$C$501,Settings!$C$18,Daten!$I$2:$I$501,Settings!$C$19,Daten!$C$2:$C$501,"Recherche")/$N$25,0) -> 0.1130491
B18: Gesamt | E18: =SUM(E16:E17) -> 61.92 | H18: =IFERROR(SUMIFS(Daten!$H$2:$H$501,Daten!$J$2:$J$501,Settings!$C$16,Daten!$K$2:$K$501,Settings!$C$17,Daten!$C$2:$C$501,Settings!$C$18,Daten!$I$2:$I$501,Settings!$C$19)/SUMIFS(Daten!$H$2:$H$501,Daten!$J$2:$J$501,Settings!$C$23,Daten!$K$2:$K$501,Settings!$C$22,Daten!$C$2:$C$501,Settings!$C$18,Daten!$I$2:$I$501,Settings!$C$19)-1,0) -> 0 | K18: Workshop-Vorbereitung | N18: =SUMIFS(Daten!$H$2:$H$501,Daten!$J$2:$J$501,Settings!$C$16,Daten!$K$2:$K$501,Settings!$C$17,Daten!$C$2:$C$501,Settings!$C$18,Daten!$I$2:$I$501,Settings!$C$19,Daten!$C$2:$C$501,"Workshop-Vorbereitung") -> 12.5 | Q18: =IFERROR(SUMIFS(Daten!$H$2:$H$501,Daten!$J$2:$J$501,Settings!$C$16,Daten!$K$2:$K$501,Settings!$C$17,Daten!$C$2:$C$501,Settings!$C$18,Daten!$I$2:$I$501,Settings!$C$19,Daten!$C$2:$C$501,"Workshop-Vorbereitung")/$N$25,0) -> 0.20187339
K19: Workshop-Durchführung | N19: =SUMIFS(Daten!$H$2:$H$501,Daten!$J$2:$J$501,Settings!$C$16,Daten!$K$2:$K$501,Settings!$C$17,Daten!$C$2:$C$501,Settings!$C$18,Daten!$I$2:$I$501,Settings!$C$19,Daten!$C$2:$C$501,"Workshop-Durchführung") -> 9 | Q19: =IFERROR(SUMIFS(Daten!$H$2:$H$501,Daten!$J$2:$J$501,Settings!$C$16,Daten!$K$2:$K$501,Settings!$C$17,Daten!$C$2:$C$501,Settings!$C$18,Daten!$I$2:$I$501,Settings!$C$19,Daten!$C$2:$C$501,"Workshop-Durchführung")/$N$25,0) -> 0.14534884
K20: Schulkontakt | N20: =SUMIFS(Daten!$H$2:$H$501,Daten!$J$2:$J$501,Settings!$C$16,Daten!$K$2:$K$501,Settings!$C$17,Daten!$C$2:$C$501,Settings!$C$18,Daten!$I$2:$I$501,Settings!$C$19,Daten!$C$2:$C$501,"Schulkontakt") -> 4 | Q20: =IFERROR(SUMIFS(Daten!$H$2:$H$501,Daten!$J$2:$J$501,Settings!$C$16,Daten!$K$2:$K$501,Settings!$C$17,Daten!$C$2:$C$501,Settings!$C$18,Daten!$I$2:$I$501,Settings!$C$19,Daten!$C$2:$C$501,"Schulkontakt")/$N$25,0) -> 0.064599483
K21: Material & Design | N21: =SUMIFS(Daten!$H$2:$H$501,Daten!$J$2:$J$501,Settings!$C$16,Daten!$K$2:$K$501,Settings!$C$17,Daten!$C$2:$C$501,Settings!$C$18,Daten!$I$2:$I$501,Settings!$C$19,Daten!$C$2:$C$501,"Material & Design") -> 12.67 | Q21: =IFERROR(SUMIFS(Daten!$H$2:$H$501,Daten!$J$2:$J$501,Settings!$C$16,Daten!$K$2:$K$501,Settings!$C$17,Daten!$C$2:$C$501,Settings!$C$18,Daten!$I$2:$I$501,Settings!$C$19,Daten!$C$2:$C$501,"Material & Design")/$N$25,0) -> 0.20461886
K22: Dokumentation | N22: =SUMIFS(Daten!$H$2:$H$501,Daten!$J$2:$J$501,Settings!$C$16,Daten!$K$2:$K$501,Settings!$C$17,Daten!$C$2:$C$501,Settings!$C$18,Daten!$I$2:$I$501,Settings!$C$19,Daten!$C$2:$C$501,"Dokumentation") -> 6.5 | Q22: =IFERROR(SUMIFS(Daten!$H$2:$H$501,Daten!$J$2:$J$501,Settings!$C$16,Daten!$K$2:$K$501,Settings!$C$17,Daten!$C$2:$C$501,Settings!$C$18,Daten!$I$2:$I$501,Settings!$C$19,Daten!$C$2:$C$501,"Dokumentation")/$N$25,0) -> 0.10497416
K23: Orga & Abstimmung | N23: =SUMIFS(Daten!$H$2:$H$501,Daten!$J$2:$J$501,Settings!$C$16,Daten!$K$2:$K$501,Settings!$C$17,Daten!$C$2:$C$501,Settings!$C$18,Daten!$I$2:$I$501,Settings!$C$19,Daten!$C$2:$C$501,"Orga & Abstimmung") -> 4.25 | Q23: =IFERROR(SUMIFS(Daten!$H$2:$H$501,Daten!$J$2:$J$501,Settings!$C$16,Daten!$K$2:$K$501,Settings!$C$17,Daten!$C$2:$C$501,Settings!$C$18,Daten!$I$2:$I$501,Settings!$C$19,Daten!$C$2:$C$501,"Orga & Abstimmung")/$N$25,0) -> 0.068636951
K24: Sonstiges | N24: =SUMIFS(Daten!$H$2:$H$501,Daten!$J$2:$J$501,Settings!$C$16,Daten!$K$2:$K$501,Settings!$C$17,Daten!$C$2:$C$501,Settings!$C$18,Daten!$I$2:$I$501,Settings!$C$19,Daten!$C$2:$C$501,"Sonstiges") -> 0 | Q24: =IFERROR(SUMIFS(Daten!$H$2:$H$501,Daten!$J$2:$J$501,Settings!$C$16,Daten!$K$2:$K$501,Settings!$C$17,Daten!$C$2:$C$501,Settings!$C$18,Daten!$I$2:$I$501,Settings!$C$19,Daten!$C$2:$C$501,"Sonstiges")/$N$25,0) -> 0
K25: Gesamt | N25: =SUM(N16:N24) -> 61.92 | Q25: =IFERROR(N25/N25,0) -> 1
B27: VERLAUF & VERTEILUNG

Sheet Daten
A1: Datum | B1: Person | C1: Arbeitspaket | D1: Tätigkeit | E1: Von | F1: Bis | G1: Pause (Min) | H1: Stunden | I1: Status | J1: Jahr | K1: Monat | L1: KW
A2: 46238 | B2: Robin | C2: Konzept & Strategie | D2: Zielbild re:school geschärft | E2: 0.375 | F2: 0.51041667 | G2: 15 | H2: =IF(OR($E2="",$F2=""),0,ROUND(MOD($F2-$E2,1)*24-N($G2)/60,2)) -> 3 | I2: Erledigt | J2: =IF($A2="",0,YEAR($A2)) -> 2026 | K2: =IF($A2="","",INDEX(Monate,MONTH($A2))) -> August | L2: =IF($A2="",0,WEEKNUM($A2,2)) -> 32
A3: 46238 | B3: Kathi | C3: Recherche | D3: Förderprogramme gesichtet | E3: 0.41666667 | F3: 0.52083333 | G3: 0 | H3: =IF(OR($E3="",$F3=""),0,ROUND(MOD($F3-$E3,1)*24-N($G3)/60,2)) -> 2.5 | I3: Erledigt | J3: =IF($A3="",0,YEAR($A3)) -> 2026 | K3: =IF($A3="","",INDEX(Monate,MONTH($A3))) -> August | L3: =IF($A3="",0,WEEKNUM($A3,2)) -> 32
A4: 46239 | B4: Kathi | C4: Schulkontakt | D4: Erstgespräch GS Nordstadt | E4: 0.58333333 | F4: 0.64583333 | G4: 0 | H4: =IF(OR($E4="",$F4=""),0,ROUND(MOD($F4-$E4,1)*24-N($G4)/60,2)) -> 1.5 | I4: Erledigt | J4: =IF($A4="",0,YEAR($A4)) -> 2026 | K4: =IF($A4="","",INDEX(Monate,MONTH($A4))) -> August | L4: =IF($A4="",0,WEEKNUM($A4,2)) -> 32
A5: 46240 | B5: Robin | C5: Orga & Abstimmung | D5: Wochenplanung mit Kathi | E5: 0.375 | F5: 0.41666667 | G5: 0 | H5: =IF(OR($E5="",$F5=""),0,ROUND(MOD($F5-$E5,1)*24-N($G5)/60,2)) -> 1 | I5: Erledigt | J5: =IF($A5="",0,YEAR($A5)) -> 2026 | K5: =IF($A5="","",INDEX(Monate,MONTH($A5))) -> August | L5: =IF($A5="",0,WEEKNUM($A5,2)) -> 32
A6: 46240 | B6: Kathi | C6: Orga & Abstimmung | D6: Wochenplanung mit Robin | E6: 0.375 | F6: 0.41666667 | G6: 0 | H6: =IF(OR($E6="",$F6=""),0,ROUND(MOD($F6-$E6,1)*24-N($G6)/60,2)) -> 1 | I6: Erledigt | J6: =IF($A6="",0,YEAR($A6)) -> 2026 | K6: =IF($A6="","",INDEX(Monate,MONTH($A6))) -> August | L6: =IF($A6="",0,WEEKNUM($A6,2)) -> 32
A7: 46245 | B7: Robin | C7: Workshop-Vorbereitung | D7: Ablauf Modul 1 entworfen | E7: 0.35416667 | F7: 0.54166667 | G7: 30 | H7: =IF(OR($E7="",$F7=""),0,ROUND(MOD($F7-$E7,1)*24-N($G7)/60,2)) -> 4 | I7: Erledigt | J7: =IF($A7="",0,YEAR($A7)) -> 2026 | K7: =IF($A7="","",INDEX(Monate,MONTH($A7))) -> August | L7: =IF($A7="",0,WEEKNUM($A7,2)) -> 33
A8: 46246 | B8: Kathi | C8: Material & Design | D8: Kartenset Layout v1 | E8: 0.54166667 | F8: 0.73958333 | G8: 20 | H8: =IF(OR($E8="",$F8=""),0,ROUND(MOD($F8-$E8,1)*24-N($G8)/60,2)) -> 4.42 | I8: Erledigt | J8: =IF($A8="",0,YEAR($A8)) -> 2026 | K8: =IF($A8="","",INDEX(Monate,MONTH($A8))) -> August | L8: =IF($A8="",0,WEEKNUM($A8,2)) -> 33
A9: 46247 | B9: Robin | C9: Recherche | D9: Benchmark Bildungsinitiativen | E9: 0.41666667 | F9: 0.5 | G9: 0 | H9: =IF(OR($E9="",$F9=""),0,ROUND(MOD($F9-$E9,1)*24-N($G9)/60,2)) -> 2 | I9: Erledigt | J9: =IF($A9="",0,YEAR($A9)) -> 2026 | K9: =IF($A9="","",INDEX(Monate,MONTH($A9))) -> August | L9: =IF($A9="",0,WEEKNUM($A9,2)) -> 33
A10: 46252 | B10: Kathi | C10: Workshop-Vorbereitung | D10: Moderationsleitfaden Modul 1 | E10: 0.38541667 | F10: 0.53125 | G10: 15 | H10: =IF(OR($E10="",$F10=""),0,ROUND(MOD($F10-$E10,1)*24-N($G10)/60,2)) -> 3.25 | I10: Erledigt | J10: =IF($A10="",0,YEAR($A10)) -> 2026 | K10: =IF($A10="","",INDEX(Monate,MONTH($A10))) -> August | L10: =IF($A10="",0,WEEKNUM($A10,2)) -> 34
A11: 46253 | B11: Robin | C11: Schulkontakt | D11: Terminabstimmung Pilotschulen | E11: 0.45833333 | F11: 0.52083333 | G11: 0 | H11: =IF(OR($E11="",$F11=""),0,ROUND(MOD($F11-$E11,1)*24-N($G11)/60,2)) -> 1.5 | I11: Erledigt | J11: =IF($A11="",0,YEAR($A11)) -> 2026 | K11: =IF($A11="","",INDEX(Monate,MONTH($A11))) -> August | L11: =IF($A11="",0,WEEKNUM($A11,2)) -> 34
A12: 46254 | B12: Robin | C12: Material & Design | D12: Slides Modul 1 gebaut | E12: 0.5625 | F12: 0.75 | G12: 30 | H12: =IF(OR($E12="",$F12=""),0,ROUND(MOD($F12-$E12,1)*24-N($G12)/60,2)) -> 4 | I12: Erledigt | J12: =IF($A12="",0,YEAR($A12)) -> 2026 | K12: =IF($A12="","",INDEX(Monate,MONTH($A12))) -> August | L12: =IF($A12="",0,WEEKNUM($A12,2)) -> 34
A13: 46259 | B13: Kathi | C13: Workshop-Durchführung | D13: Pilot-Workshop GS Nordstadt | E13: 0.33333333 | F13: 0.54166667 | G13: 30 | H13: =IF(OR($E13="",$F13=""),0,ROUND(MOD($F13-$E13,1)*24-N($G13)/60,2)) -> 4.5 | I13: Erledigt | J13: =IF($A13="",0,YEAR($A13)) -> 2026 | K13: =IF($A13="","",INDEX(Monate,MONTH($A13))) -> August | L13: =IF($A13="",0,WEEKNUM($A13,2)) -> 35
... A25: 46272 | B25: Robin | C25: Orga & Abstimmung | D25: Wochenplanung KW 37 | E25: 0.45833333 | F25: 0.5 | G25: 0 | H25: =IF(OR($E25="",$F25=""),0,ROUND(MOD($F25-$E25,1)*24-N($G25)/60,2)) -> 1 | I25: Läuft | J25: =IF($A25="",0,YEAR($A25)) -> 2026 | K25: =IF($A25="","",INDEX(Monate,MONTH($A25))) -> September | L25: =IF($A25="",0,WEEKNUM($A25,2)) -> 37
H26: =IF(OR($E26="",$F26=""),0,ROUND(MOD($F26-$E26,1)*24-N($G26)/60,2)) -> 0 | J26: =IF($A26="",0,YEAR($A26)) -> 0 | K26: =IF($A26="","",INDEX(Monate,MONTH($A26))) | L26: =IF($A26="",0,WEEKNUM($A26,2)) -> 0
H27: =IF(OR($E27="",$F27=""),0,ROUND(MOD($F27-$E27,1)*24-N($G27)/60,2)) -> 0 | J27: =IF($A27="",0,YEAR($A27)) -> 0 | K27: =IF($A27="","",INDEX(Monate,MONTH($A27))) | L27: =IF($A27="",0,WEEKNUM($A27,2)) -> 0
H28: =IF(OR($E28="",$F28=""),0,ROUND(MOD($F28-$E28,1)*24-N($G28)/60,2)) -> 0 | J28: =IF($A28="",0,YEAR($A28)) -> 0 | K28: =IF($A28="","",INDEX(Monate,MONTH($A28))) | L28: =IF($A28="",0,WEEKNUM($A28,2)) -> 0
H29: =IF(OR($E29="",$F29=""),0,ROUND(MOD($F29-$E29,1)*24-N($G29)/60,2)) -> 0 | J29: =IF($A29="",0,YEAR($A29)) -> 0 | K29: =IF($A29="","",INDEX(Monate,MONTH($A29))) | L29: =IF($A29="",0,WEEKNUM($A29,2)) -> 0
H30: =IF(OR($E30="",$F30=""),0,ROUND(MOD($F30-$E30,1)*24-N($G30)/60,2)) -> 0 | J30: =IF($A30="",0,YEAR($A30)) -> 0 | K30: =IF($A30="","",INDEX(Monate,MONTH($A30))) | L30: =IF($A30="",0,WEEKNUM($A30,2)) -> 0
H31: =IF(OR($E31="",$F31=""),0,ROUND(MOD($F31-$E31,1)*24-N($G31)/60,2)) -> 0 | J31: =IF($A31="",0,YEAR($A31)) -> 0 | K31: =IF($A31="","",INDEX(Monate,MONTH($A31))) | L31: =IF($A31="",0,WEEKNUM($A31,2)) -> 0
H32: =IF(OR($E32="",$F32=""),0,ROUND(MOD($F32-$E32,1)*24-N($G32)/60,2)) -> 0 | J32: =IF($A32="",0,YEAR($A32)) -> 0 | K32: =IF($A32="","",INDEX(Monate,MONTH($A32))) | L32: =IF($A32="",0,WEEKNUM($A32,2)) -> 0
H33: =IF(OR($E33="",$F33=""),0,ROUND(MOD($F33-$E33,1)*24-N($G33)/60,2)) -> 0 | J33: =IF($A33="",0,YEAR($A33)) -> 0 | K33: =IF($A33="","",INDEX(Monate,MONTH($A33))) | L33: =IF($A33="",0,WEEKNUM($A33,2)) -> 0
H34: =IF(OR($E34="",$F34=""),0,ROUND(MOD($F34-$E34,1)*24-N($G34)/60,2)) -> 0 | J34: =IF($A34="",0,YEAR($A34)) -> 0 | K34: =IF($A34="","",INDEX(Monate,MONTH($A34))) | L34: =IF($A34="",0,WEEKNUM($A34,2)) -> 0
H35: =IF(OR($E35="",$F35=""),0,ROUND(MOD($F35-$E35,1)*24-N($G35)/60,2)) -> 0 | J35: =IF($A35="",0,YEAR($A35)) -> 0 | K35: =IF($A35="","",INDEX(Monate,MONTH($A35))) | L35: =IF($A35="",0,WEEKNUM($A35,2)) -> 0
H36: =IF(OR($E36="",$F36=""),0,ROUND(MOD($F36-$E36,1)*24-N($G36)/60,2)) -> 0 | J36: =IF($A36="",0,YEAR($A36)) -> 0 | K36: =IF($A36="","",INDEX(Monate,MONTH($A36))) | L36: =IF($A36="",0,WEEKNUM($A36,2)) -> 0
H37: =IF(OR($E37="",$F37=""),0,ROUND(MOD($F37-$E37,1)*24-N($G37)/60,2)) -> 0 | J37: =IF($A37="",0,YEAR($A37)) -> 0 | K37: =IF($A37="","",INDEX(Monate,MONTH($A37))) | L37: =IF($A37="",0,WEEKNUM($A37,2)) -> 0
... H501: =IF(OR($E501="",$F501=""),0,ROUND(MOD($F501-$E501,1)*24-N($G501)/60,2)) -> 0 | J501: =IF($A501="",0,YEAR($A501)) -> 0 | K501: =IF($A501="","",INDEX(Monate,MONTH($A501))) | L501: =IF($A501="",0,WEEKNUM($A501,2)) -> 0

Sheet Settings
B2: PERSONEN | D2: FILTER: STATUS | F2: ARBEITSPAKETE | H2: STATUS | J2: JAHRE | L2: MONATE | N2: FILTER: MONAT | P2: FILTER: ARBEITSPAKET
B3: Robin | D3: Alle | F3: Konzept & Strategie | H3: Geplant | J3: 2025 | L3: Januar | N3: Alle | P3: Alle
B4: Kathi | D4: Geplant | F4: Recherche | H4: Läuft | J4: 2026 | L4: Februar | N4: Januar | P4: Konzept & Strategie
D5: Läuft | F5: Workshop-Vorbereitung | H5: Erledigt | J5: 2027 | L5: März | N5: Februar | P5: Recherche
D6: Erledigt | F6: Workshop-Durchführung | L6: April | N6: März | P6: Workshop-Vorbereitung
F7: Schulkontakt | L7: Mai | N7: April | P7: Workshop-Durchführung
F8: Material & Design | L8: Juni | N8: Mai | P8: Schulkontakt
F9: Dokumentation | L9: Juli | N9: Juni | P9: Material & Design
F10: Orga & Abstimmung | L10: August | N10: Juli | P10: Dokumentation
F11: Sonstiges | L11: September | N11: August | P11: Orga & Abstimmung
L12: Oktober | N12: September | P12: Sonstiges
L13: November | N13: Oktober
L14: Dezember | N14: November
B15: PARAMETER & VORPERIODE | N15: Dezember
B16: Jahr (Auswahl) | C16: =Dashboard!$B$6 -> 2026
B17: Monat-Kriterium | C17: =IF(Dashboard!$E$6="Alle","*",Dashboard!$E$6) -> *
B18: Arbeitspaket-Kriterium | C18: =IF(Dashboard!$H$6="Alle","*",Dashboard!$H$6) -> *
B19: Status-Kriterium | C19: =IF(Dashboard!$K$6="Alle","*",Dashboard!$K$6) -> *
B20: Monat-Index | C20: =IFERROR(MATCH(Dashboard!$E$6,Monate,0),0) -> 0
B21: Vormonat-Index | C21: =IF($C$20=0,0,IF($C$20=1,12,$C$20-1)) -> 0
B22: Vormonat-Kriterium | C22: =IF($C$21=0,"*",INDEX(Monate,$C$21)) -> *
B23: Vorperioden-Jahr | C23: =IF($C$20=0,$C$16-1,IF($C$20=1,$C$16-1,$C$16)) -> 2025
B27: MONAT | C27: STUNDEN | D27: EINTRÄGE | F27: ARBEITSPAKET | G27: STUNDEN
B28: Januar | C28: =SUMIFS(Daten!$H$2:$H$501,Daten!$J$2:$J$501,$C$16,Daten!$K$2:$K$501,$B28,Daten!$C$2:$C$501,$C$18,Daten!$I$2:$I$501,$C$19) -> 0 | D28: =COUNTIFS(Daten!$J$2:$J$501,$C$16,Daten!$K$2:$K$501,$B28,Daten!$C$2:$C$501,$C$18,Daten!$I$2:$I$501,$C$19) -> 0 | F28: Konzept & Strategie | G28: =SUMIFS(Daten!$H$2:$H$501,Daten!$J$2:$J$501,$C$16,Daten!$K$2:$K$501,$C$17,Daten!$C$2:$C$501,$F28,Daten!$I$2:$I$501,$C$19) -> 6
B29: Februar | C29: =SUMIFS(Daten!$H$2:$H$501,Daten!$J$2:$J$501,$C$16,Daten!$K$2:$K$501,$B29,Daten!$C$2:$C$501,$C$18,Daten!$I$2:$I$501,$C$19) -> 0 | D29: =COUNTIFS(Daten!$J$2:$J$501,$C$16,Daten!$K$2:$K$501,$B29,Daten!$C$2:$C$501,$C$18,Daten!$I$2:$I$501,$C$19) -> 0 | F29: Recherche | G29: =SUMIFS(Daten!$H$2:$H$501,Daten!$J$2:$J$501,$C$16,Daten!$K$2:$K$501,$C$17,Daten!$C$2:$C$501,$F29,Daten!$I$2:$I$501,$C$19) -> 7
B30: März | C30: =SUMIFS(Daten!$H$2:$H$501,Daten!$J$2:$J$501,$C$16,Daten!$K$2:$K$501,$B30,Daten!$C$2:$C$501,$C$18,Daten!$I$2:$I$501,$C$19) -> 0 | D30: =COUNTIFS(Daten!$J$2:$J$501,$C$16,Daten!$K$2:$K$501,$B30,Daten!$C$2:$C$501,$C$18,Daten!$I$2:$I$501,$C$19) -> 0 | F30: Workshop-Vorbereitung | G30: =SUMIFS(Daten!$H$2:$H$501,Daten!$J$2:$J$501,$C$16,Daten!$K$2:$K$501,$C$17,Daten!$C$2:$C$501,$F30,Daten!$I$2:$I$501,$C$19) -> 12.5
B31: April | C31: =SUMIFS(Daten!$H$2:$H$501,Daten!$J$2:$J$501,$C$16,Daten!$K$2:$K$501,$B31,Daten!$C$2:$C$501,$C$18,Daten!$I$2:$I$501,$C$19) -> 0 | D31: =COUNTIFS(Daten!$J$2:$J$501,$C$16,Daten!$K$2:$K$501,$B31,Daten!$C$2:$C$501,$C$18,Daten!$I$2:$I$501,$C$19) -> 0 | F31: Workshop-Durchführung | G31: =SUMIFS(Daten!$H$2:$H$501,Daten!$J$2:$J$501,$C$16,Daten!$K$2:$K$501,$C$17,Daten!$C$2:$C$501,$F31,Daten!$I$2:$I$501,$C$19) -> 9
B32: Mai | C32: =SUMIFS(Daten!$H$2:$H$501,Daten!$J$2:$J$501,$C$16,Daten!$K$2:$K$501,$B32,Daten!$C$2:$C$501,$C$18,Daten!$I$2:$I$501,$C$19) -> 0 | D32: =COUNTIFS(Daten!$J$2:$J$501,$C$16,Daten!$K$2:$K$501,$B32,Daten!$C$2:$C$501,$C$18,Daten!$I$2:$I$501,$C$19) -> 0 | F32: Schulkontakt | G32: =SUMIFS(Daten!$H$2:$H$501,Daten!$J$2:$J$501,$C$16,Daten!$K$2:$K$501,$C$17,Daten!$C$2:$C$501,$F32,Daten!$I$2:$I$501,$C$19) -> 4
B33: Juni | C33: =SUMIFS(Daten!$H$2:$H$501,Daten!$J$2:$J$501,$C$16,Daten!$K$2:$K$501,$B33,Daten!$C$2:$C$501,$C$18,Daten!$I$2:$I$501,$C$19) -> 0 | D33: =COUNTIFS(Daten!$J$2:$J$501,$C$16,Daten!$K$2:$K$501,$B33,Daten!$C$2:$C$501,$C$18,Daten!$I$2:$I$501,$C$19) -> 0 | F33: Material & Design | G33: =SUMIFS(Daten!$H$2:$H$501,Daten!$J$2:$J$501,$C$16,Daten!$K$2:$K$501,$C$17,Daten!$C$2:$C$501,$F33,Daten!$I$2:$I$501,$C$19) -> 12.67
B34: Juli | C34: =SUMIFS(Daten!$H$2:$H$501,Daten!$J$2:$J$501,$C$16,Daten!$K$2:$K$501,$B34,Daten!$C$2:$C$501,$C$18,Daten!$I$2:$I$501,$C$19) -> 0 | D34: =COUNTIFS(Daten!$J$2:$J$501,$C$16,Daten!$K$2:$K$501,$B34,Daten!$C$2:$C$501,$C$18,Daten!$I$2:$I$501,$C$19) -> 0 | F34: Dokumentation | G34: =SUMIFS(Daten!$H$2:$H$501,Daten!$J$2:$J$501,$C$16,Daten!$K$2:$K$501,$C$17,Daten!$C$2:$C$501,$F34,Daten!$I$2:$I$501,$C$19) -> 6.5
B35: August | C35: =SUMIFS(Daten!$H$2:$H$501,Daten!$J$2:$J$501,$C$16,Daten!$K$2:$K$501,$B35,Daten!$C$2:$C$501,$C$18,Daten!$I$2:$I$501,$C$19) -> 42.17 | D35: =COUNTIFS(Daten!$J$2:$J$501,$C$16,Daten!$K$2:$K$501,$B35,Daten!$C$2:$C$501,$C$18,Daten!$I$2:$I$501,$C$19) -> 15 | F35: Orga & Abstimmung | G35: =SUMIFS(Daten!$H$2:$H$501,Daten!$J$2:$J$501,$C$16,Daten!$K$2:$K$501,$C$17,Daten!$C$2:$C$501,$F35,Daten!$I$2:$I$501,$C$19) -> 4.25
B36: September | C36: =SUMIFS(Daten!$H$2:$H$501,Daten!$J$2:$J$501,$C$16,Daten!$K$2:$K$501,$B36,Daten!$C$2:$C$501,$C$18,Daten!$I$2:$I$501,$C$19) -> 19.75 | D36: =COUNTIFS(Daten!$J$2:$J$501,$C$16,Daten!$K$2:$K$501,$B36,Daten!$C$2:$C$501,$C$18,Daten!$I$2:$I$501,$C$19) -> 9 | F36: Sonstiges | G36: =SUMIFS(Daten!$H$2:$H$501,Daten!$J$2:$J$501,$C$16,Daten!$K$2:$K$501,$C$17,Daten!$C$2:$C$501,$F36,Daten!$I$2:$I$501,$C$19) -> 0
B37: Oktober | C37: =SUMIFS(Daten!$H$2:$H$501,Daten!$J$2:$J$501,$C$16,Daten!$K$2:$K$501,$B37,Daten!$C$2:$C$501,$C$18,Daten!$I$2:$I$501,$C$19) -> 0 | D37: =COUNTIFS(Daten!$J$2:$J$501,$C$16,Daten!$K$2:$K$501,$B37,Daten!$C$2:$C$501,$C$18,Daten!$I$2:$I$501,$C$19) -> 0
B38: November | C38: =SUMIFS(Daten!$H$2:$H$501,Daten!$J$2:$J$501,$C$16,Daten!$K$2:$K$501,$B38,Daten!$C$2:$C$501,$C$18,Daten!$I$2:$I$501,$C$19) -> 0 | D38: =COUNTIFS(Daten!$J$2:$J$501,$C$16,Daten!$K$2:$K$501,$B38,Daten!$C$2:$C$501,$C$18,Daten!$I$2:$I$501,$C$19) -> 0
B39: Dezember | C39: =SUMIFS(Daten!$H$2:$H$501,Daten!$J$2:$J$501,$C$16,Daten!$K$2:$K$501,$B39,Daten!$C$2:$C$501,$C$18,Daten!$I$2:$I$501,$C$19) -> 0 | D39: =COUNTIFS(Daten!$J$2:$J$501,$C$16,Daten!$K$2:$K$501,$B39,Daten!$C$2:$C$501,$C$18,Daten!$I$2:$I$501,$C$19) -> 0
B42: AKZENTFARBEN
B43: Dunkel | C43: #1D6F5E
B44: Mittel | C44: #4DA28E
B45: Hell | C45: #CFE8E1
